{"cameraMode":{"drawMode":0,"name":"Shaded","section":"Shading Mode"},"sceneLighting":true,"audioPlay":false,"sceneViewState":{"m_AlwaysRefresh":false,"showFog":true,"showSkybox":true,"showFlares":true,"showImageEffects":true,"showParticleSystems":true,"showVisualEffectGraphs":true,"m_FxEnabled":true},"in2DMode":false,"pivot":{"x":0.06319212913513184,"y":2.433225631713867,"z":0.2763783931732178},"rotation":{"x":0.09127060323953629,"y":0.30412107706069949,"z":0.02928328886628151,"w":-0.9478044509887695},"size":2.402743339538574,"orthographic":false}